Total+AF8-Buses,listed+AF8-buses,,,,,,,,,,,,,,,,,,,,,,,,,,,,,,,,,,,,,,,,,,,,,,,,,,,,,,,,,,,,,,,,,,,,,,,,,,,,,,,,,,,,,,,,,,,,,,,,,,,,,,,,,,,,,,,,,,,,,,,,,,,,,,,,,,,,,,,,,,,,,,,,,,,,,,,,,,,,,,,,,,,,,,,,,,,,,,,,,,,,,,,,,,,,,,,,,,,,,,,,,,,,,,,,,,,,,,,,,,,,,,,,,,,,,,,,,,,,,,,,,,,,,,,,,,,,,,,,,,,,,,,,,,,,,,,,,,,,,,,,,,,,,,,,,,,,,,,,,,,,,,,,,,,,,,,,,,,,,,,,,,,,,,,,,,,,,,,,,,,,,,,,,,,,,,,,,,,,,,,,,,,
662,103,,,,,,,,,,,,,,,,,,,,,,,,,,,,,,,,,,,,,,,,,,,,,,,,,,,,,,,,,,,,,,,,,,,,,,,,,,,,,,,,,,,,,,,,,,,,,,,,,,,,,,,,,,,,,,,,,,,,,,,,,,,,,,,,,,,,,,,,,,,,,,,,,,,,,,,,,,,,,,,,,,,,,,,,,,,,,,,,,,,,,,,,,,,,,,,,,,,,,,,,,,,,,,,,,,,,,,,,,,,,,,,,,,,,,,,,,,,,,,,,,,,,,,,,,,,,,,,,,,,,,,,,,,,,,,,,,,,,,,,,,,,,,,,,,,,,,,,,,,,,,,,,,,,,,,,,,,,,,,,,,,,,,,,,,,,,,,,,,,,,,,,,,,,,,,,,,,,,,,,,,,,
pmuids,1,7,13,25,32,35,36,41,42,46,51,57,59,82,88,97,101,102,104,123,127,139,140,144,153,154,155,157,158,160,181,182,188,191,203,221,225,226,227,238,239,241,251,253,257,262,268,269,282,290,291,294,296,297,300,303,314,316,318,319,330,332,333,335,353,371,392,393,395,398,407,411,441,461,462,463,464,465,466,477,478,480,490,493,497,498,501,524,528,529,553,560,578,585,597,612,620,628,640,641,642,649,660,,,,,,,,,,,,,,,,,,,,,,,,,,,,,,,,,,,,,,,,,,,,,,,,,,,,,,,,,,,,,,,,,,,,,,,,,,,,,,,,,,,,,,,,,,,,,,,,,,,,,,,,,,,,,,,,,,,,,,,,,,,,,,,,,,,,,,,,,,,,,,,,,,,,,,,,,,,,,,,,,,,,,,,,,,,,,,,,,,,,,,,,,,,,,,,,,,,,,,,,,,,,,,,,,,,,,,,,,,,,,,,,,,,,,,,,,,,,,,,,,,,,,,,,,,,,,,,,,,,,,
Power+AF8-values,18.3024,43.08,13.083136,17.6649,19.266,25.688,52.92,6.6,18.9618,3.90625,12.844,17.524,25.688,27.18324,47.04,3.312,3.312,3.312,42.941433,6.44,5.49125,19.266,24.73138,6.151118,12.844,12.844,9.5875,6.74936,25.688,9.0825,4.96575,1.68734,2.14875,6.621,27.585,15.833752,19.266,25.688,5.73,25.128,12.732824,3.82717,7.401608,6.40677,8.4,2.2825,13.599981,2.328,4.8804,75.15,97.6722,11.3584,10.0848,6.445266,16.93854,13.1572,5.5,7.11,13.0836,3.4182,37.072,2.5,15.60312,15.60312,14.82,9.69,10.32,13.5,5.5008,9.68212,5.52,5.52,12.844,19.266,8.85,9.34744,21.05822,6.422,4.29,2.865,3.631292,3.33,25.688,18.536,19.266,19.266,19.022,14.336,2.76,7.92,2.292,19.266,51.3708,14.9328,22.9216,2.6664,96.3144,45.84,1.011345,1.011345,1.011345,21.756,3.76424,,,,,,,,,,,,,,,,,,,,,,,,,,,,,,,,,,,,,,,,,,,,,,,,,,,,,,,,,,,,,,,,,,,,,,,,,,,,,,,,,,,,,,,,,,,,,,,,,,,,,,,,,,,,,,,,,,,,,,,,,,,,,,,,,,,,,,,,,,,,,,,,,,,,,,,,,,,,,,,,,,,,,,,,,,,,,,,,,,,,,,,,,,,,,,,,,,,,,,,,,,,,,,,,,,,,,,,,,,,,,,,,,,,,,,,,,,,,,,,,,,,,,,,,,,,,,,,,,,,,,
+ACM-active+AF8-apps,1,,,,,,,,,,,,,,,,,,,,,,,,,,,,,,,,,,,,,,,,,,,,,,,,,,,,,,,,,,,,,,,,,,,,,,,,,,,,,,,,,,,,,,,,,,,,,,,,,,,,,,,,,,,,,,,,,,,,,,,,,,,,,,,,,,,,,,,,,,,,,,,,,,,,,,,,,,,,,,,,,,,,,,,,,,,,,,,,,,,,,,,,,,,,,,,,,,,,,,,,,,,,,,,,,,,,,,,,,,,,,,,,,,,,,,,,,,,,,,,,,,,,,,,,,,,,,,,,,,,,,,,,,,,,,,,,,,,,,,,,,,,,,,,,,,,,,,,,,,,,,,,,,,,,,,,,,,,,,,,,,,,,,,,,,,,,,,,,,,,,,,,,,,,,,,,,,,,,,,,,,,,
active+AF8-app+AF8-ids,1,1,2,,,,,,,,,,,,,,,,,,,,,,,,,,,,,,,,,,,,,,,,,,,,,,,,,,,,,,,,,,,,,,,,,,,,,,,,,,,,,,,,,,,,,,,,,,,,,,,,,,,,,,,,,,,,,,,,,,,,,,,,,,,,,,,,,,,,,,,,,,,,,,,,,,,,,,,,,,,,,,,,,,,,,,,,,,,,,,,,,,,,,,,,,,,,,,,,,,,,,,,,,,,,,,,,,,,,,,,,,,,,,,,,,,,,,,,,,,,,,,,,,,,,,,,,,,,,,,,,,,,,,,,,,,,,,,,,,,,,,,,,,,,,,,,,,,,,,,,,,,,,,,,,,,,,,,,,,,,,,,,,,,,,,,,,,,,,,,,,,,,,,,,,,,,,,,,,,,,,,,,,,
+ACM-apps,,,,,,,,,,,,,,,,,,,,,,,,,,,,,,,,,,,,,,,,,,,,,,,,,,,,,,,,,,,,,,,,,,,,,,,,,,,,,,,,,,,,,,,,,,,,,,,,,,,,,,,,,,,,,,,,,,,,,,,,,,,,,,,,,,,,,,,,,,,,,,,,,,,,,,,,,,,,,,,,,,,,,,,,,,,,,,,,,,,,,,,,,,,,,,,,,,,,,,,,,,,,,,,,,,,,,,,,,,,,,,,,,,,,,,,,,,,,,,,,,,,,,,,,,,,,,,,,,,,,,,,,,,,,,,,,,,,,,,,,,,,,,,,,,,,,,,,,,,,,,,,,,,,,,,,,,,,,,,,,,,,,,,,,,,,,,,,,,,,,,,,,,,,,,,,,,,,,,,,,,,,,
3,,,,,,,,,,,,,,,,,,,,,,,,,,,,,,,,,,,,,,,,,,,,,,,,,,,,,,,,,,,,,,,,,,,,,,,,,,,,,,,,,,,,,,,,,,,,,,,,,,,,,,,,,,,,,,,,,,,,,,,,,,,,,,,,,,,,,,,,,,,,,,,,,,,,,,,,,,,,,,,,,,,,,,,,,,,,,,,,,,,,,,,,,,,,,,,,,,,,,,,,,,,,,,,,,,,,,,,,,,,,,,,,,,,,,,,,,,,,,,,,,,,,,,,,,,,,,,,,,,,,,,,,,,,,,,,,,,,,,,,,,,,,,,,,,,,,,,,,,,,,,,,,,,,,,,,,,,,,,,,,,,,,,,,,,,,,,,,,,,,,,,,,,,,,,,,,,,,,,,,,,,,,
appId,Priority Rank,app+AF8-name,Filtering+AF8-Algo,,,,,,,,,,,,,,,,,,,,,,,,,,,,,,,,,,,,,,,,,,,,,,,,,,,,,,,,,,,,,,,,,,,,,,,,,,,,,,,,,,,,,,,,,,,,,,,,,,,,,,,,,,,,,,,,,,,,,,,,,,,,,,,,,,,,,,,,,,,,,,,,,,,,,,,,,,,,,,,,,,,,,,,,,,,,,,,,,,,,,,,,,,,,,,,,,,,,,,,,,,,,,,,,,,,,,,,,,,,,,,,,,,,,,,,,,,,,,,,,,,,,,,,,,,,,,,,,,,,,,,,,,,,,,,,,,,,,,,,,,,,,,,,,,,,,,,,,,,,,,,,,,,,,,,,,,,,,,,,,,,,,,,,,,,,,,,,,,,,,,,,,,,,,,,,,,,,,,,,,,
6,2,AngStab,DQT,,,,,,,,,,,,,,,,,,,,,,,,,,,,,,,,,,,,,,,,,,,,,,,,,,,,,,,,,,,,,,,,,,,,,,,,,,,,,,,,,,,,,,,,,,,,,,,,,,,,,,,,,,,,,,,,,,,,,,,,,,,,,,,,,,,,,,,,,,,,,,,,,,,,,,,,,,,,,,,,,,,,,,,,,,,,,,,,,,,,,,,,,,,,,,,,,,,,,,,,,,,,,,,,,,,,,,,,,,,,,,,,,,,,,,,,,,,,,,,,,,,,,,,,,,,,,,,,,,,,,,,,,,,,,,,,,,,,,,,,,,,,,,,,,,,,,,,,,,,,,,,,,,,,,,,,,,,,,,,,,,,,,,,,,,,,,,,,,,,,,,,,,,,,,,,,,,,,,,,,,
appId,Priority Rank,Modes,app+AF8-name,Filtering+AF8-Algo,delay_timeout,Number+Of+Packet+Loss,time+out,delay_Lost+PMU+ID,delay,,,,,,,,,,,,,,,,,,,,,,,,,,,,,,,,,,,,,,,,,,,,,,,,,,,,,,,,,,,,,,,,,,,,,,,,,,,,,,,,,,,,,,,,,,,,,,,,,,,,,,,,,,,,,,,,,,,,,,,,,,,,,,,,,,,,,,,,,,,,,,,,,,,,,,,,,,,,,,,,,,,,,,,,,,,,,,,,,,,,,,,,,,,,,,,,,,,,,,,,,,,,,,,,,,,,,,,,,,,,,,,,,,,,,,,,,,,,,,,,,,,,,,,,,,,,,,,,,,,,,,,,,,,,,,,,,,,,,,,,,,,,,,,,,,,,,,,,,,,,,,,,,,,,,,,,,,,,,,,,,,,,,,,,,,,,,,,,,,,,,,,,,,,,,,,,,,,
1,5,3,LF+AF8-CD,PC,1,1,50000,155,50000,,,,,,,,,,,,,,,,,,,,,,,,,,,,,,,,,,,,,,,,,,,,,,,,,,,,,,,,,,,,,,,,,,,,,,,,,,,,,,,,,,,,,,,,,,,,,,,,,,,,,,,,,,,,,,,,,,,,,,,,,,,,,,,,,,,,,,,,,,,,,,,,,,,,,,,,,,,,,,,,,,,,,,,,,,,,,,,,,,,,,,,,,,,,,,,,,,,,,,,,,,,,,,,,,,,,,,,,,,,,,,,,,,,,,,,,,,,,,,,,,,,,,,,,,,,,,,,,,,,,,,,,,,,,,,,,,,,,,,,,,,,,,,,,,,,,,,,,,,,,,,,,,,,,,,,,,,,,,,,,,,,,,,,,,,,,,,,,,,,,,,,,,,,,,,,,,,,
Mode,+ACM-G1+AF8-PMU,+ACM-G2+AF8-PMU,G1:PDC,G2:PDC,PhasorNo,,,,,,,,,,,,,,,,,,,,,,,,,,,,,,,,,,,,,,,,,,,,,,,,,,,,,,,,,,,,,,,,,,,,,,,,,,,,,,,,,,,,,,,,,,,,,,,,,,,,,,,,,,,,,,,,,,,,,,,,,,,,,,,,,,,,,,,,,,,,,,,,,,,,,,,,,,,,,,,,,,,,,,,,,,,,,,,,,,,,,,,,,,,,,,,,,,,,,,,,,,,,,,,,,,,,,,,,,,,,,,,,,,,,,,,,,,,,,,,,,,,,,,,,,,,,,,,,,,,,,,,,,,,,,,,,,,,,,,,,,,,,,,,,,,,,,,,,,,,,,,,,,,,,,,,,,,,,,,,,,,,,,,,,,,,,,,,,,,,,,,,,,,,,,,,,,,,,,,,
0.39,39,26,3001,3000,0,,,,,,,,,,,,,,,,,,,,,,,,,,,,,,,,,,,,,,,,,,,,,,,,,,,,,,,,,,,,,,,,,,,,,,,,,,,,,,,,,,,,,,,,,,,,,,,,,,,,,,,,,,,,,,,,,,,,,,,,,,,,,,,,,,,,,,,,,,,,,,,,,,,,,,,,,,,,,,,,,,,,,,,,,,,,,,,,,,,,,,,,,,,,,,,,,,,,,,,,,,,,,,,,,,,,,,,,,,,,,,,,,,,,,,,,,,,,,,,,,,,,,,,,,,,,,,,,,,,,,,,,,,,,,,,,,,,,,,,,,,,,,,,,,,,,,,,,,,,,,,,,,,,,,,,,,,,,,,,,,,,,,,,,,,,,,,,,,,,,,,,,,,,,,,,,,,,,,,,
G1+AF8-PMUids,239,227,144,160,25,13,88,221,238,268,203,225,226,257,253,282,262,251,140,139,158,104,82,57,41,42,46,51,32,59,7,35,36,290,291,294,297,1,296,,,,,,,,,,,,,,,,,,,,,,,,,,,,,,,,,,,,,,,,,,,,,,,,,,,,,,,,,,,,,,,,,,,,,,,,,,,,,,,,,,,,,,,,,,,,,,,,,,,,,,,,,,,,,,,,,,,,,,,,,,,,,,,,,,,,,,,,,,,,,,,,,,,,,,,,,,,,,,,,,,,,,,,,,,,,,,,,,,,,,,,,,,,,,,,,,,,,,,,,,,,,,,,,,,,,,,,,,,,,,,,,,,,,,,,,,,,,,,,,,,,,,,,,,,,,,,,,,,,,,,,,,,,,,,,,,,,,,,,,,,,,,,,,,,,,,,,,,,,,,,,,,,,,,,,,,,,,,,,,,,,,,
G2+AF8-PMUids,333,335,585,395,407,411,578,597,620,524,649,393,462,461,464,463,466,465,490,441,501,493,498,497,560,628,,,,,,,,,,,,,,,,,,,,,,,,,,,,,,,,,,,,,,,,,,,,,,,,,,,,,,,,,,,,,,,,,,,,,,,,,,,,,,,,,,,,,,,,,,,,,,,,,,,,,,,,,,,,,,,,,,,,,,,,,,,,,,,,,,,,,,,,,,,,,,,,,,,,,,,,,,,,,,,,,,,,,,,,,,,,,,,,,,,,,,,,,,,,,,,,,,,,,,,,,,,,,,,,,,,,,,,,,,,,,,,,,,,,,,,,,,,,,,,,,,,,,,,,,,,,,,,,,,,,,,,,,,,,,,,,,,,,,,,,,,,,,,,,,,,,,,,,,,,,,,,,,,,,,,,,,,,,,,,,,,,,,,,,,,,,,,,,,,
Mode,+ACM-G1+AF8-PMU,+ACM-G2+AF8-PMU,G1:PDC,G2:PDC,PhasorNo,,,,,,,,,,,,,,,,,,,,,,,,,,,,,,,,,,,,,,,,,,,,,,,,,,,,,,,,,,,,,,,,,,,,,,,,,,,,,,,,,,,,,,,,,,,,,,,,,,,,,,,,,,,,,,,,,,,,,,,,,,,,,,,,,,,,,,,,,,,,,,,,,,,,,,,,,,,,,,,,,,,,,,,,,,,,,,,,,,,,,,,,,,,,,,,,,,,,,,,,,,,,,,,,,,,,,,,,,,,,,,,,,,,,,,,,,,,,,,,,,,,,,,,,,,,,,,,,,,,,,,,,,,,,,,,,,,,,,,,,,,,,,,,,,,,,,,,,,,,,,,,,,,,,,,,,,,,,,,,,,,,,,,,,,,,,,,,,,,,,,,,,,,,,,,,,,,,,,,,
0.65,8,8,3000,3001,0,,,,,,,,,,,,,,,,,,,,,,,,,,,,,,,,,,,,,,,,,,,,,,,,,,,,,,,,,,,,,,,,,,,,,,,,,,,,,,,,,,,,,,,,,,,,,,,,,,,,,,,,,,,,,,,,,,,,,,,,,,,,,,,,,,,,,,,,,,,,,,,,,,,,,,,,,,,,,,,,,,,,,,,,,,,,,,,,,,,,,,,,,,,,,,,,,,,,,,,,,,,,,,,,,,,,,,,,,,,,,,,,,,,,,,,,,,,,,,,,,,,,,,,,,,,,,,,,,,,,,,,,,,,,,,,,,,,,,,,,,,,,,,,,,,,,,,,,,,,,,,,,,,,,,,,,,,,,,,,,,,,,,,,,,,,,,,,,,,,,,,,,,,,,,,,,,,,,,,,
G1+AF8-PMUids,290,291,300,353,333,335,620,303,,,,,,,,,,,,,,,,,,,,,,,,,,,,,,,,,,,,,,,,,,,,,,,,,,,,,,,,,,,,,,,,,,,,,,,,,,,,,,,,,,,,,,,,,,,,,,,,,,,,,,,,,,,,,,,,,,,,,,,,,,,,,,,,,,,,,,,,,,,,,,,,,,,,,,,,,,,,,,,,,,,,,,,,,,,,,,,,,,,,,,,,,,,,,,,,,,,,,,,,,,,,,,,,,,,,,,,,,,,,,,,,,,,,,,,,,,,,,,,,,,,,,,,,,,,,,,,,,,,,,,,,,,,,,,,,,,,,,,,,,,,,,,,,,,,,,,,,,,,,,,,,,,,,,,,,,,,,,,,,,,,,,,,,,,,,,,,,,,,,,,,,,,,,,,,,,,,,
G2+AF8-PMUids,82,88,1,104,238,7,585,628,,,,,,,,,,,,,,,,,,,,,,,,,,,,,,,,,,,,,,,,,,,,,,,,,,,,,,,,,,,,,,,,,,,,,,,,,,,,,,,,,,,,,,,,,,,,,,,,,,,,,,,,,,,,,,,,,,,,,,,,,,,,,,,,,,,,,,,,,,,,,,,,,,,,,,,,,,,,,,,,,,,,,,,,,,,,,,,,,,,,,,,,,,,,,,,,,,,,,,,,,,,,,,,,,,,,,,,,,,,,,,,,,,,,,,,,,,,,,,,,,,,,,,,,,,,,,,,,,,,,,,,,,,,,,,,,,,,,,,,,,,,,,,,,,,,,,,,,,,,,,,,,,,,,,,,,,,,,,,,,,,,,,,,,,,,,,,,,,,,,,,,,,,,,,,,,,,,,
Mode,+ACM-G1+AF8-PMU,+ACM-G2+AF8-PMU,G1:PDC,G2:PDC,PhasorNo,,,,,,,,,,,,,,,,,,,,,,,,,,,,,,,,,,,,,,,,,,,,,,,,,,,,,,,,,,,,,,,,,,,,,,,,,,,,,,,,,,,,,,,,,,,,,,,,,,,,,,,,,,,,,,,,,,,,,,,,,,,,,,,,,,,,,,,,,,,,,,,,,,,,,,,,,,,,,,,,,,,,,,,,,,,,,,,,,,,,,,,,,,,,,,,,,,,,,,,,,,,,,,,,,,,,,,,,,,,,,,,,,,,,,,,,,,,,,,,,,,,,,,,,,,,,,,,,,,,,,,,,,,,,,,,,,,,,,,,,,,,,,,,,,,,,,,,,,,,,,,,,,,,,,,,,,,,,,,,,,,,,,,,,,,,,,,,,,,,,,,,,,,,,,,,,,,,,,,,
0.72,11,26,3001,3000,0,,,,,,,,,,,,,,,,,,,,,,,,,,,,,,,,,,,,,,,,,,,,,,,,,,,,,,,,,,,,,,,,,,,,,,,,,,,,,,,,,,,,,,,,,,,,,,,,,,,,,,,,,,,,,,,,,,,,,,,,,,,,,,,,,,,,,,,,,,,,,,,,,,,,,,,,,,,,,,,,,,,,,,,,,,,,,,,,,,,,,,,,,,,,,,,,,,,,,,,,,,,,,,,,,,,,,,,,,,,,,,,,,,,,,,,,,,,,,,,,,,,,,,,,,,,,,,,,,,,,,,,,,,,,,,,,,,,,,,,,,,,,,,,,,,,,,,,,,,,,,,,,,,,,,,,,,,,,,,,,,,,,,,,,,,,,,,,,,,,,,,,,,,,,,,,,,,,,,,,
G1+AF8-PMUids,191,181,160,155,154,153,157,158,290,291,628,,,,,,,,,,,,,,,,,,,,,,,,,,,,,,,,,,,,,,,,,,,,,,,,,,,,,,,,,,,,,,,,,,,,,,,,,,,,,,,,,,,,,,,,,,,,,,,,,,,,,,,,,,,,,,,,,,,,,,,,,,,,,,,,,,,,,,,,,,,,,,,,,,,,,,,,,,,,,,,,,,,,,,,,,,,,,,,,,,,,,,,,,,,,,,,,,,,,,,,,,,,,,,,,,,,,,,,,,,,,,,,,,,,,,,,,,,,,,,,,,,,,,,,,,,,,,,,,,,,,,,,,,,,,,,,,,,,,,,,,,,,,,,,,,,,,,,,,,,,,,,,,,,,,,,,,,,,,,,,,,,,,,,,,,,,,,,,,,,,,,,,,,,,,,,,,,
G2+AF8-PMUids,82,221,203,227,296,88,57,257,1,104,238,239,7,225,226,501,560,461,649,464,578,498,497,490,441,465,,,,,,,,,,,,,,,,,,,,,,,,,,,,,,,,,,,,,,,,,,,,,,,,,,,,,,,,,,,,,,,,,,,,,,,,,,,,,,,,,,,,,,,,,,,,,,,,,,,,,,,,,,,,,,,,,,,,,,,,,,,,,,,,,,,,,,,,,,,,,,,,,,,,,,,,,,,,,,,,,,,,,,,,,,,,,,,,,,,,,,,,,,,,,,,,,,,,,,,,,,,,,,,,,,,,,,,,,,,,,,,,,,,,,,,,,,,,,,,,,,,,,,,,,,,,,,,,,,,,,,,,,,,,,,,,,,,,,,,,,,,,,,,,,,,,,,,,,,,,,,,,,,,,,,,,,,,,,,,,,,,,,,,,,,,,,,,,,,
appId,Priority Rank,PDC1,PDC2,app+AF8-name,Filtering+AF8-Algo,,,,,,,,,,,,,,,,,,,,,,,,,,,,,,,,,,,,,,,,,,,,,,,,,,,,,,,,,,,,,,,,,,,,,,,,,,,,,,,,,,,,,,,,,,,,,,,,,,,,,,,,,,,,,,,,,,,,,,,,,,,,,,,,,,,,,,,,,,,,,,,,,,,,,,,,,,,,,,,,,,,,,,,,,,,,,,,,,,,,,,,,,,,,,,,,,,,,,,,,,,,,,,,,,,,,,,,,,,,,,,,,,,,,,,,,,,,,,,,,,,,,,,,,,,,,,,,,,,,,,,,,,,,,,,,,,,,,,,,,,,,,,,,,,,,,,,,,,,,,,,,,,,,,,,,,,,,,,,,,,,,,,,,,,,,,,,,,,,,,,,,,,,,,,,,,,,,,,,,
2,7,3000,3001,DSE,PC,,,,,,,,,,,,,,,,,,,,,,,,,,,,,,,,,,,,,,,,,,,,,,,,,,,,,,,,,,,,,,,,,,,,,,,,,,,,,,,,,,,,,,,,,,,,,,,,,,,,,,,,,,,,,,,,,,,,,,,,,,,,,,,,,,,,,,,,,,,,,,,,,,,,,,,,,,,,,,,,,,,,,,,,,,,,,,,,,,,,,,,,,,,,,,,,,,,,,,,,,,,,,,,,,,,,,,,,,,,,,,,,,,,,,,,,,,,,,,,,,,,,,,,,,,,,,,,,,,,,,,,,,,,,,,,,,,,,,,,,,,,,,,,,,,,,,,,,,,,,,,,,,,,,,,,,,,,,,,,,,,,,,,,,,,,,,,,,,,,,,,,,,,,,,,,,,,,,,,,
PDC1,+ACM-PDC1+AF8-pmu,m,n,M+AF8-matrix,Mpinv+AF8-matrix,Pdiag+AF8-matrix,MHMinvdiag+AF8-matrix,MapingInfo,,,,,,,,,,,,,,,,,,,,,,,,,,,,,,,,,,,,,,,,,,,,,,,,,,,,,,,,,,,,,,,,,,,,,,,,,,,,,,,,,,,,,,,,,,,,,,,,,,,,,,,,,,,,,,,,,,,,,,,,,,,,,,,,,,,,,,,,,,,,,,,,,,,,,,,,,,,,,,,,,,,,,,,,,,,,,,,,,,,,,,,,,,,,,,,,,,,,,,,,,,,,,,,,,,,,,,,,,,,,,,,,,,,,,,,,,,,,,,,,,,,,,,,,,,,,,,,,,,,,,,,,,,,,,,,,,,,,,,,,,,,,,,,,,,,,,,,,,,,,,,,,,,,,,,,,,,,,,,,,,,,,,,,,,,,,,,,,,,,,,,,,,,,,,,,,,,,,
3000,363,1534,366,sedata/MerM.txt,sedata/MerMpinv.txt,sedata/MerP.txt,sedata/MerMHMinv.txt,sedata/LPDC3000ErDSEInfo.csv,,,,,,,,,,,,,,,,,,,,,,,,,,,,,,,,,,,,,,,,,,,,,,,,,,,,,,,,,,,,,,,,,,,,,,,,,,,,,,,,,,,,,,,,,,,,,,,,,,,,,,,,,,,,,,,,,,,,,,,,,,,,,,,,,,,,,,,,,,,,,,,,,,,,,,,,,,,,,,,,,,,,,,,,,,,,,,,,,,,,,,,,,,,,,,,,,,,,,,,,,,,,,,,,,,,,,,,,,,,,,,,,,,,,,,,,,,,,,,,,,,,,,,,,,,,,,,,,,,,,,,,,,,,,,,,,,,,,,,,,,,,,,,,,,,,,,,,,,,,,,,,,,,,,,,,,,,,,,,,,,,,,,,,,,,,,,,,,,,,,,,,,,,,,,,,,,,,,
Pmuid+AF8-3000,300,301,302,303,304,305,306,307,308,309,310,311,312,313,314,315,316,317,318,319,320,321,322,323,324,325,326,327,328,329,330,331,332,333,334,335,336,337,338,339,340,341,342,343,344,345,346,347,348,349,350,351,352,353,354,355,356,357,358,359,360,361,362,363,364,365,366,367,368,369,370,371,372,373,374,375,376,377,378,379,380,381,382,383,384,385,386,387,388,389,390,391,392,393,394,395,396,397,398,399,400,401,402,403,404,405,406,407,408,409,410,411,412,413,414,415,416,417,418,419,420,421,422,423,424,425,426,427,428,429,430,431,432,433,434,435,436,437,438,439,440,441,442,443,444,445,446,447,448,449,450,451,452,453,454,455,456,457,458,459,460,461,462,463,464,465,466,467,468,469,470,471,472,473,474,475,476,477,478,479,480,481,482,483,484,485,486,487,488,489,490,491,492,493,494,495,496,497,498,499,500,501,502,503,504,505,506,507,508,509,510,511,512,513,514,515,516,517,518,519,520,521,522,523,524,525,526,527,528,529,530,531,532,533,534,535,536,537,538,539,540,541,542,543,544,545,546,547,548,549,550,551,552,553,554,555,556,557,558,559,560,561,562,563,564,565,566,567,568,569,570,571,572,573,574,575,576,577,578,579,580,581,582,583,584,585,586,587,588,589,590,591,592,593,594,595,596,597,598,599,600,601,602,603,604,605,606,607,608,609,610,611,612,613,614,615,616,617,618,619,620,621,622,623,624,625,626,627,628,629,630,631,632,633,634,635,636,637,638,639,640,641,642,643,644,645,646,647,648,649,650,651,652,653,654,655,656,657,658,659,660,661,662,end
Ph+AF8-count+AF8-3000,4,10,1,4,10,3,7,3,6,3,5,3,4,7,7,3,7,4,7,4,2,7,7,5,2,4,5,5,3,7,5,4,3,3,3,1,2,5,5,2,2,3,5,3,2,2,6,3,3,3,2,2,3,3,8,7,2,2,2,3,3,4,5,3,3,3,3,2,2,3,3,5,2,3,4,3,2,2,2,3,3,2,13,4,7,1,3,4,6,5,5,2,5,5,8,4,2,3,3,3,4,7,5,2,2,6,9,8,7,2,4,1,6,3,2,3,2,9,2,3,2,3,3,2,5,3,2,4,5,1,2,4,4,3,4,9,2,3,2,2,3,3,3,2,3,3,2,3,2,2,3,3,2,3,3,3,3,3,2,2,5,5,7,7,11,6,7,5,4,4,7,5,7,4,3,5,5,8,4,5,5,5,7,5,3,5,2,2,2,7,7,5,2,6,2,5,8,3,4,7,4,15,7,5,11,3,3,5,3,6,8,4,4,5,7,9,2,8,13,3,3,5,5,8,5,7,3,3,2,3,12,3,3,3,4,3,5,6,9,5,3,7,6,8,4,5,5,9,8,3,3,2,5,4,3,7,3,5,3,7,3,2,3,3,3,3,5,5,3,5,3,5,5,3,3,3,4,3,9,2,4,4,5,3,6,4,8,2,5,4,7,5,3,3,3,4,4,9,2,6,7,3,7,5,5,3,5,3,3,4,2,3,3,2,5,3,3,1,4,3,1,3,2,2,4,4,3,3,1,5,3,3,3,2,2,5,3,5,3,2,5,3,5,1,6,2,3,2,2,5,9,5,6,3,9,3,8,3,4,4,6,6,6,end
Phasors+AF8-3000,0:1:2:3,0:1:2:3:4:5:6:7:8:9,0,0:1:2:3,0:1:2:3:4:5:6:7:8:9,0:1:2,0:1:2:3:4:5:6,0:1:2,0:1:2:3:4:5,0:1:2,0:1:2:3:4,0:1:2,0:1:2:3,0:1:2:3:4:5:6,0:1:2:3:4:5:6,0:1:2,0:1:2:3:4:5:6,0:1:2:3,0:1:2:3:4:5:6,0:1:2:3,0:1,0:1:2:3:4:5:6,0:1:2:3:4:5:6,0:1:2:3:4,0:1,0:1:2:3,0:1:2:3:4,0:1:2:3:4,0:1:2,0:1:2:3:4:5:6,0:1:2:3:4,0:1:2:3,0:1:2,0:1:2,0:1:2,0,0:1,0:1:2:3:4,0:1:2:3:4,0:1,0:1,0:1:2,0:1:2:3:4,0:1:2,0:1,0:1,0:1:2:3:4:5,0:1:2,0:1:2,0:1:2,0:1,0:1,0:1:2,0:1:2,0:1:2:3:4:5:6:7,0:1:2:3:4:5:6,0:1,0:1,0:1,0:1:2,0:1:2,0:1:2:3,0:1:2:3:4,0:1:2,0:1:2,0:1:2,0:1:2,0:1,0:1,0:1:2,0:1:2,0:1:2:3:4,0:1,0:1:2,0:1:2:3,0:1:2,0:1,0:1,0:1,0:1:2,0:1:2,0:1,0:1:2:3:4:5:6:7:8:9:10:11:12,0:1:2:3,0:1:2:3:4:5:6,0,0:1:2,0:1:2:3,0:1:2:3:4:5,0:1:2:3:4,0:1:2:3:4,0:1,0:1:2:3:4,0:1:2:3:4,0:1:2:3:4:5:6:7,0:1:2:3,0:1,0:1:2,0:1:2,0:1:2,0:1:2:3,0:1:2:3:4:5:6,0:1:2:3:4,0:1,0:1,0:1:2:3:4:5,0:1:2:3:4:5:6:7:8,0:1:2:3:4:5:6:7,0:1:2:3:4:5:6,0:1,0:1:2:3,0,0:1:2:3:4:5,0:1:2,0:1,0:1:2,0:1,0:1:2:3:4:5:6:7:8,0:1,0:1:2,0:1,0:1:2,0:1:2,0:1,0:1:2:3:4,0:1:2,0:1,0:1:2:3,0:1:2:3:4,0,0:1,0:1:2:3,0:1:2:3,0:1:2,0:1:2:3,0:1:2:3:4:5:6:7:8,0:1,0:1:2,0:1,0:1,0:1:2,0:1:2,0:1:2,0:1,0:1:2,0:1:2,0:1,0:1:2,0:1,0:1,0:1:2,0:1:2,0:1,0:1:2,0:1:2,0:1:2,0:1:2,0:1:2,0:1,0:1,0:1:2:3:4,0:1:2:3:4,0:1:2:3:4:5:6,0:1:2:3:4:5:6,0:1:2:3:4:5:6:7:8:9:10,0:1:2:3:4:5,0:1:2:3:4:5:6,0:1:2:3:4,0:1:2:3,0:1:2:3,0:1:2:3:4:5:6,0:1:2:3:4,0:1:2:3:4:5:6,0:1:2:3,0:1:2,0:1:2:3:4,0:1:2:3:4,0:1:2:3:4:5:6:7,0:1:2:3,0:1:2:3:4,0:1:2:3:4,0:1:2:3:4,0:1:2:3:4:5:6,0:1:2:3:4,0:1:2,0:1:2:3:4,0:1,0:1,0:1,0:1:2:3:4:5:6,0:1:2:3:4:5:6,0:1:2:3:4,0:1,0:1:2:3:4:5,0:1,0:1:2:3:4,0:1:2:3:4:5:6:7,0:1:2,0:1:2:3,0:1:2:3:4:5:6,0:1:2:3,0:1:2:3:4:5:6:7:8:9:10:11:12:13:14,0:1:2:3:4:5:6,0:1:2:3:4,0:1:2:3:4:5:6:7:8:9:10,0:1:2,0:1:2,0:1:2:3:4,0:1:2,0:1:2:3:4:5,0:1:2:3:4:5:6:7,0:1:2:3,0:1:2:3,0:1:2:3:4,0:1:2:3:4:5:6,0:1:2:3:4:5:6:7:8,0:1,0:1:2:3:4:5:6:7,0:1:2:3:4:5:6:7:8:9:10:11:12,0:1:2,0:1:2,0:1:2:3:4,0:1:2:3:4,0:1:2:3:4:5:6:7,0:1:2:3:4,0:1:2:3:4:5:6,0:1:2,0:1:2,0:1,0:1:2,0:1:2:3:4:5:6:7:8:9:10:11,0:1:2,0:1:2,0:1:2,0:1:2:3,0:1:2,0:1:2:3:4,0:1:2:3:4:5,0:1:2:3:4:5:6:7:8,0:1:2:3:4,0:1:2,0:1:2:3:4:5:6,0:1:2:3:4:5,0:1:2:3:4:5:6:7,0:1:2:3,0:1:2:3:4,0:1:2:3:4,0:1:2:3:4:5:6:7:8,0:1:2:3:4:5:6:7,0:1:2,0:1:2,0:1,0:1:2:3:4,0:1:2:3,0:1:2,0:1:2:3:4:5:6,0:1:2,0:1:2:3:4,0:1:2,0:1:2:3:4:5:6,0:1:2,0:1,0:1:2,0:1:2,0:1:2,0:1:2,0:1:2:3:4,0:1:2:3:4,0:1:2,0:1:2:3:4,0:1:2,0:1:2:3:4,0:1:2:3:4,0:1:2,0:1:2,0:1:2,0:1:2:3,0:1:2,0:1:2:3:4:5:6:7:8,0:1,0:1:2:3,0:1:2:3,0:1:2:3:4,0:1:2,0:1:2:3:4:5,0:1:2:3,0:1:2:3:4:5:6:7,0:1,0:1:2:3:4,0:1:2:3,0:1:2:3:4:5:6,0:1:2:3:4,0:1:2,0:1:2,0:1:2,0:1:2:3,0:1:2:3,0:1:2:3:4:5:6:7:8,0:1,0:1:2:3:4:5,0:1:2:3:4:5:6,0:1:2,0:1:2:3:4:5:6,0:1:2:3:4,0:1:2:3:4,0:1:2,0:1:2:3:4,0:1:2,0:1:2,0:1:2:3,0:1,0:1:2,0:1:2,0:1,0:1:2:3:4,0:1:2,0:1:2,0,0:1:2:3,0:1:2,0,0:1:2,0:1,0:1,0:1:2:3,0:1:2:3,0:1:2,0:1:2,0,0:1:2:3:4,0:1:2,0:1:2,0:1:2,0:1,0:1,0:1:2:3:4,0:1:2,0:1:2:3:4,0:1:2,0:1,0:1:2:3:4,0:1:2,0:1:2:3:4,0,0:1:2:3:4:5,0:1,0:1:2,0:1,0:1,0:1:2:3:4,0:1:2:3:4:5:6:7:8,0:1:2:3:4,0:1:2:3:4:5,0:1:2,0:1:2:3:4:5:6:7:8,0:1:2,0:1:2:3:4:5:6:7,0:1:2,0:1:2:3,0:1:2:3,0:1:2:3:4:5,0:1:2:3:4:5,0:1:2:3:4:5,end
PDC2,+ACM-PDC2+AF8-pmu,m,n,M+AF8-matrix,Mpinv+AF8-matrix,Pdiag+AF8-matrix,MHMinvdiag+AF8-matrix,MapingInfo,,,,,,,,,,,,,,,,,,,,,,,,,,,,,,,,,,,,,,,,,,,,,,,,,,,,,,,,,,,,,,,,,,,,,,,,,,,,,,,,,,,,,,,,,,,,,,,,,,,,,,,,,,,,,,,,,,,,,,,,,,,,,,,,,,,,,,,,,,,,,,,,,,,,,,,,,,,,,,,,,,,,,,,,,,,,,,,,,,,,,,,,,,,,,,,,,,,,,,,,,,,,,,,,,,,,,,,,,,,,,,,,,,,,,,,,,,,,,,,,,,,,,,,,,,,,,,,,,,,,,,,,,,,,,,,,,,,,,,,,,,,,,,,,,,,,,,,,,,,,,,,,,,,,,,,,,,,,,,,,,,,,,,,,,,,,,,,,,,,,,,,,,,,,,,,,,,,,
3001,299,1472,301,sedata/MwrM.txt,sedata/MwrMpinv.txt,sedata/MwrP.txt,sedata/MwrMHMinv.txt,sedata/LPDC3001WrDSEInfo.csv,,,,,,,,,,,,,,,,,,,,,,,,,,,,,,,,,,,,,,,,,,,,,,,,,,,,,,,,,,,,,,,,,,,,,,,,,,,,,,,,,,,,,,,,,,,,,,,,,,,,,,,,,,,,,,,,,,,,,,,,,,,,,,,,,,,,,,,,,,,,,,,,,,,,,,,,,,,,,,,,,,,,,,,,,,,,,,,,,,,,,,,,,,,,,,,,,,,,,,,,,,,,,,,,,,,,,,,,,,,,,,,,,,,,,,,,,,,,,,,,,,,,,,,,,,,,,,,,,,,,,,,,,,,,,,,,,,,,,,,,,,,,,,,,,,,,,,,,,,,,,,,,,,,,,,,,,,,,,,,,,,,,,,,,,,,,,,,,,,,,,,,,,,,,,,,,,,,,
Pmuid+AF8-3001,1,2,3,4,5,6,7,8,9,10,11,12,13,14,15,16,17,18,19,20,21,22,23,24,25,26,27,28,29,30,31,32,33,34,35,36,37,38,39,40,41,42,43,44,45,46,47,48,49,50,51,52,53,54,55,56,57,58,59,60,61,62,63,64,65,66,67,68,69,70,71,72,73,74,75,76,77,78,79,80,81,82,83,84,85,86,87,88,89,90,91,92,93,94,95,96,97,98,99,100,101,102,103,104,105,106,107,108,109,110,111,112,113,114,115,116,117,118,119,120,121,122,123,124,125,126,127,128,129,130,131,132,133,134,135,136,137,138,139,140,141,142,143,144,145,146,147,148,149,150,151,152,153,154,155,156,157,158,159,160,161,162,163,164,165,166,167,168,169,170,171,172,173,174,175,176,177,178,179,180,181,182,183,184,185,186,187,188,189,190,191,192,193,194,195,196,197,198,199,200,201,202,203,204,205,206,207,208,209,210,211,212,213,214,215,216,217,218,219,220,221,222,223,224,225,226,227,228,229,230,231,232,233,234,235,236,237,238,239,240,241,242,243,244,245,246,247,248,249,250,251,252,253,254,255,256,257,258,259,260,261,262,263,264,265,266,267,268,269,270,271,272,273,274,275,276,277,278,279,280,281,282,283,284,285,286,287,288,289,290,291,292,293,294,295,296,297,298,299,,,,,,,,,,,,,,,,,,,,,,,,,,,,,,,,,,,,,,,,,,,,,,,,,,,,,,,,,,,,,,,,,
Ph+AF8-count+AF8-3001,5,5,14,5,7,10,7,3,11,5,6,5,7,6,8,3,3,6,6,8,5,3,11,7,7,7,3,3,2,5,7,5,3,5,3,7,5,9,10,6,7,6,3,3,5,5,3,3,5,3,3,5,7,9,3,6,9,3,7,5,3,2,10,3,3,3,5,4,3,3,6,3,6,3,3,5,5,3,1,3,3,5,7,5,3,5,7,5,2,6,3,4,6,5,5,10,4,5,9,7,3,6,5,9,2,7,3,6,7,3,3,6,3,2,3,3,2,2,2,2,3,1,3,5,3,2,3,3,4,5,8,7,11,6,4,2,5,5,5,5,3,5,8,5,5,3,3,9,5,2,4,3,3,6,7,3,7,7,7,3,7,4,5,5,5,5,5,5,4,2,5,3,4,3,3,3,3,3,3,3,4,1,2,3,3,5,3,3,3,3,3,2,5,3,1,6,4,3,5,7,9,4,11,4,3,7,5,6,3,2,3,10,4,3,7,5,4,3,3,3,11,5,5,9,8,4,5,6,9,7,14,3,11,5,4,11,10,8,5,2,3,11,9,5,3,5,2,7,5,3,5,3,3,7,4,4,5,5,5,3,5,3,2,5,7,7,5,3,5,3,7,5,3,3,2,3,7,5,4,3,6,3,2,3,3,5,5,4,5,7,8,9,12,7,3,7,3,5,8,,,,,,,,,,,,,,,,,,,,,,,,,,,,,,,,,,,,,,,,,,,,,,,,,,,,,,,,,,,,,,,,,
Phasors+AF8-3001,0:1:2:3:4,0:1:2:3:4,0:1:2:3:4:5:6:7:8:9:10:11:12:13,0:1:2:3:4,0:1:2:3:4:5:6,0:1:2:3:4:5:6:7:8:9,0:1:2:3:4:5:6,0:1:2,0:1:2:3:4:5:6:7:8:9:10,0:1:2:3:4,0:1:2:3:4:5,0:1:2:3:4,0:1:2:3:4:5:6,0:1:2:3:4:5,0:1:2:3:4:5:6:7,0:1:2,0:1:2,0:1:2:3:4:5,0:1:2:3:4:5,0:1:2:3:4:5:6:7,0:1:2:3:4,0:1:2,0:1:2:3:4:5:6:7:8:9:10,0:1:2:3:4:5:6,0:1:2:3:4:5:6,0:1:2:3:4:5:6,0:1:2,0:1:2,0:1,0:1:2:3:4,0:1:2:3:4:5:6,0:1:2:3:4,0:1:2,0:1:2:3:4,0:1:2,0:1:2:3:4:5:6,0:1:2:3:4,0:1:2:3:4:5:6:7:8,0:1:2:3:4:5:6:7:8:9,0:1:2:3:4:5,0:1:2:3:4:5:6,0:1:2:3:4:5,0:1:2,0:1:2,0:1:2:3:4,0:1:2:3:4,0:1:2,0:1:2,0:1:2:3:4,0:1:2,0:1:2,0:1:2:3:4,0:1:2:3:4:5:6,0:1:2:3:4:5:6:7:8,0:1:2,0:1:2:3:4:5,0:1:2:3:4:5:6:7:8,0:1:2,0:1:2:3:4:5:6,0:1:2:3:4,0:1:2,0:1,0:1:2:3:4:5:6:7:8:9,0:1:2,0:1:2,0:1:2,0:1:2:3:4,0:1:2:3,0:1:2,0:1:2,0:1:2:3:4:5,0:1:2,0:1:2:3:4:5,0:1:2,0:1:2,0:1:2:3:4,0:1:2:3:4,0:1:2,0,0:1:2,0:1:2,0:1:2:3:4,0:1:2:3:4:5:6,0:1:2:3:4,0:1:2,0:1:2:3:4,0:1:2:3:4:5:6,0:1:2:3:4,0:1,0:1:2:3:4:5,0:1:2,0:1:2:3,0:1:2:3:4:5,0:1:2:3:4,0:1:2:3:4,0:1:2:3:4:5:6:7:8:9,0:1:2:3,0:1:2:3:4,0:1:2:3:4:5:6:7:8,0:1:2:3:4:5:6,0:1:2,0:1:2:3:4:5,0:1:2:3:4,0:1:2:3:4:5:6:7:8,0:1,0:1:2:3:4:5:6,0:1:2,0:1:2:3:4:5,0:1:2:3:4:5:6,0:1:2,0:1:2,0:1:2:3:4:5,0:1:2,0:1,0:1:2,0:1:2,0:1,0:1,0:1,0:1,0:1:2,0,0:1:2,0:1:2:3:4,0:1:2,0:1,0:1:2,0:1:2,0:1:2:3,0:1:2:3:4,0:1:2:3:4:5:6:7,0:1:2:3:4:5:6,0:1:2:3:4:5:6:7:8:9:10,0:1:2:3:4:5,0:1:2:3,0:1,0:1:2:3:4,0:1:2:3:4,0:1:2:3:4,0:1:2:3:4,0:1:2,0:1:2:3:4,0:1:2:3:4:5:6:7,0:1:2:3:4,0:1:2:3:4,0:1:2,0:1:2,0:1:2:3:4:5:6:7:8,0:1:2:3:4,0:1,0:1:2:3,0:1:2,0:1:2,0:1:2:3:4:5,0:1:2:3:4:5:6,0:1:2,0:1:2:3:4:5:6,0:1:2:3:4:5:6,0:1:2:3:4:5:6,0:1:2,0:1:2:3:4:5:6,0:1:2:3,0:1:2:3:4,0:1:2:3:4,0:1:2:3:4,0:1:2:3:4,0:1:2:3:4,0:1:2:3:4,0:1:2:3,0:1,0:1:2:3:4,0:1:2,0:1:2:3,0:1:2,0:1:2,0:1:2,0:1:2,0:1:2,0:1:2,0:1:2,0:1:2:3,0,0:1,0:1:2,0:1:2,0:1:2:3:4,0:1:2,0:1:2,0:1:2,0:1:2,0:1:2,0:1,0:1:2:3:4,0:1:2,0,0:1:2:3:4:5,0:1:2:3,0:1:2,0:1:2:3:4,0:1:2:3:4:5:6,0:1:2:3:4:5:6:7:8,0:1:2:3,0:1:2:3:4:5:6:7:8:9:10,0:1:2:3,0:1:2,0:1:2:3:4:5:6,0:1:2:3:4,0:1:2:3:4:5,0:1:2,0:1,0:1:2,0:1:2:3:4:5:6:7:8:9,0:1:2:3,0:1:2,0:1:2:3:4:5:6,0:1:2:3:4,0:1:2:3,0:1:2,0:1:2,0:1:2,0:1:2:3:4:5:6:7:8:9:10,0:1:2:3:4,0:1:2:3:4,0:1:2:3:4:5:6:7:8,0:1:2:3:4:5:6:7,0:1:2:3,0:1:2:3:4,0:1:2:3:4:5,0:1:2:3:4:5:6:7:8,0:1:2:3:4:5:6,0:1:2:3:4:5:6:7:8:9:10:11:12:13,0:1:2,0:1:2:3:4:5:6:7:8:9:10,0:1:2:3:4,0:1:2:3,0:1:2:3:4:5:6:7:8:9:10,0:1:2:3:4:5:6:7:8:9,0:1:2:3:4:5:6:7,0:1:2:3:4,0:1,0:1:2,0:1:2:3:4:5:6:7:8:9:10,0:1:2:3:4:5:6:7:8,0:1:2:3:4,0:1:2,0:1:2:3:4,0:1,0:1:2:3:4:5:6,0:1:2:3:4,0:1:2,0:1:2:3:4,0:1:2,0:1:2,0:1:2:3:4:5:6,0:1:2:3,0:1:2:3,0:1:2:3:4,0:1:2:3:4,0:1:2:3:4,0:1:2,0:1:2:3:4,0:1:2,0:1,0:1:2:3:4,0:1:2:3:4:5:6,0:1:2:3:4:5:6,0:1:2:3:4,0:1:2,0:1:2:3:4,0:1:2,0:1:2:3:4:5:6,0:1:2:3:4,0:1:2,0:1:2,0:1,0:1:2,0:1:2:3:4:5:6,0:1:2:3:4,0:1:2:3,0:1:2,0:1:2:3:4:5,0:1:2,0:1,0:1:2,0:1:2,0:1:2:3:4,0:1:2:3:4,0:1:2:3,0:1:2:3:4,0:1:2:3:4:5:6,0:1:2:3:4:5:6:7,0:1:2:3:4:5:6:7:8,0:1:2:3:4:5:6:7:8:9:10:11,0:1:2:3:4:5:6,0:1:2,0:1:2:3:4:5:6,0:1:2,0:1:2:3:4,0:1:2:3:4:5:6:7,,,,,,,,,,,,,,,,,,,,,,,,,,,,,,,,,,,,,,,,,,,,,,,,,,,,,,,,,,,,,,,,,
